d0,theta10,theta20,d_final,theta1_final,theta2_final,F_d,F_theta1,F_theta2
1.0,-3.141592653589793,-3.141592653589793,2.5200515,2.7675374,0.09226513,-0.0006387985,-0.00016416622,0.00014207127
